{
    "Feedback FX": {
        "1": [
            364.22265625,
            633.80859375
        ]
    },
    "Video Grabber": {
        "1": [
            29.421875,
            632.5078125
        ]
    },
    "Video Renderer": {
        "1": [
            683.38671875,
            632.97265625
        ]
    }
}