{
    "Looper FX": {
        "1": [
            656.0,
            412.0
        ]
    },
    "Video Grabber PS3 Eye": {
        "1": [
            221.0,
            520.0
        ]
    },
    "Video Renderer": {
        "1": [
            650.19140625,
            683.109375
        ]
    }
}