{
    "Feedback FX": {
        "1": [
            707.74609375,
            872.96875
        ]
    },
    "Looper FX": {
        "1": [
            656.0,
            412.0
        ]
    },
    "Oscillator": {
        "1": [
            332.86328125,
            497.171875
        ]
    },
    "Phasor": {
        "1": [
            16.70703125,
            654.8046875
        ]
    },
    "Ranger": {
        "1": [
            684.59375,
            135.3984375
        ]
    },
    "Video Grabber PS3 Eye": {
        "1": [
            26.51953125,
            487.96875
        ]
    },
    "Video Renderer": {
        "1": [
            650.0,
            683.0
        ]
    }
}