{
    "LumaKey FX": {
        "1": [
            357.2578125,
            675.03125
        ]
    },
    "Multix FX": {
        "1": [
            157.18359375,
            839.56640625
        ]
    },
    "Video Buffer": {
        "1": [
            680.859375,
            649.70703125
        ]
    },
    "Video Grabber": {
        "1": [
            29.421875,
            632.5078125
        ]
    },
    "Video Renderer": {
        "1": [
            694.5703125,
            858.64453125
        ]
    }
}