{
    "LumaKey FX": {
        "1": [
            357.2578125,
            675.03125
        ]
    },
    "Video Buffer": {
        "1": [
            686.4375,
            653.46484375
        ]
    },
    "Video Grabber": {
        "1": [
            29.421875,
            632.5078125
        ]
    },
    "Video Header": {
        "1": [
            45.05859375,
            879.4140625
        ]
    },
    "Video Renderer": {
        "1": [
            388.41796875,
            868.09375
        ]
    }
}