{
    "Video Grabber": {
        "1": [
            151.79296875,
            767.85546875
        ]
    },
    "Video Renderer": {
        "1": [
            597.81640625,
            769.47265625
        ]
    }
}