{
    "LumaKey FX": {
        "1": [
            359.52734375,
            611.3984375
        ]
    },
    "Video Grabber": {
        "1": [
            34.1875,
            591.32421875
        ]
    },
    "Video Renderer": {
        "1": [
            728.1015625,
            528.06640625
        ]
    }
}